{"cameraMode":{"drawMode":0,"name":"Shaded","section":"Shading Mode"},"sceneLighting":false,"audioPlay":false,"sceneViewState":{"m_AlwaysRefresh":false,"showFog":true,"showSkybox":false,"showFlares":true,"showImageEffects":true,"showParticleSystems":true,"showVisualEffectGraphs":true,"m_FxEnabled":true},"in2DMode":false,"pivot":{"x":0.5086397528648377,"y":8.530547142028809,"z":18.083717346191408},"rotation":{"x":0.3215939998626709,"y":-0.10199066996574402,"z":0.03489745035767555,"w":0.9407487511634827},"size":0.08555732667446137,"orthographic":false}