{"cameraMode":{"drawMode":0,"name":"Shaded","section":"Shading Mode"},"sceneLighting":true,"audioPlay":false,"sceneViewState":{"m_AlwaysRefresh":false,"showFog":true,"showSkybox":true,"showFlares":true,"showImageEffects":true,"showParticleSystems":true,"showVisualEffectGraphs":true,"m_FxEnabled":true},"in2DMode":false,"pivot":{"x":110.92814636230469,"y":-6.548042297363281,"z":78.08422088623047},"rotation":{"x":0.039439428597688678,"y":0.5200061202049255,"z":-0.02405114844441414,"w":0.8529403805732727},"size":103.3665542602539,"orthographic":false}