{"cameraMode":{"drawMode":0,"name":"Shaded","section":"Shading Mode"},"sceneLighting":false,"audioPlay":false,"sceneViewState":{"m_AlwaysRefresh":false,"showFog":true,"showSkybox":false,"showFlares":true,"showImageEffects":true,"showParticleSystems":true,"showVisualEffectGraphs":true,"m_FxEnabled":true},"in2DMode":false,"pivot":{"x":-0.03327181935310364,"y":2.3714146614074709,"z":37.53823471069336},"rotation":{"x":-0.012601824477314949,"y":0.001199999824166298,"z":0.00001494225398346316,"w":0.9999208450317383},"size":11.624267578125,"orthographic":false}