{"cameraMode":{"drawMode":0,"name":"Shaded","section":"Shading Mode"},"sceneLighting":false,"audioPlay":false,"sceneViewState":{"m_AlwaysRefresh":false,"showFog":true,"showSkybox":false,"showFlares":true,"showImageEffects":true,"showParticleSystems":true,"showVisualEffectGraphs":true,"m_FxEnabled":true},"in2DMode":false,"pivot":{"x":0.5785133838653565,"y":0.13535669445991517,"z":40.213287353515628},"rotation":{"x":0.12620045244693757,"y":0.03094511479139328,"z":-0.003938350826501846,"w":0.9915227890014648},"size":11.39841365814209,"orthographic":false}